{"stats":{"minecraft:dropped":{"minecraft:enchanted_book":1,"minecraft:iron_sword":1,"minecraft:stone_axe":1,"minecraft:wheat_seeds":4,"minecraft:iron_nugget":2,"minecraft:iron_helmet":1,"minecraft:feather":1,"minecraft:iron_boots":1,"crittersandcompanions:silk":5,"mmorpg:weapon/staff/wood":4,"minecraft:oak_sapling":6,"iter_rpg:spider_silk":1,"minecraft:iron_leggings":1,"minecraft:bow":2,"minecraft:wooden_pickaxe":2,"minecraft:stone_pickaxe":2,"iter_rpg:potsherd":2},"minecraft:mined":{"create:zinc_ore":10,"minecraft:deepslate_diamond_ore":3,"farmersdelight:wild_carrots":5,"minecraft:crafting_table":3,"iter_rpg:vase":1,"minecraft:tall_grass":2,"iter_rpg:big_vase":1,"minecraft:oak_planks":1,"minecraft:diorite":3,"minecraft:iron_ore":7,"iter_rpg:abyss_quartz":2,"minecraft:fire":5,"minecraft:andesite":5,"regions_unexplored:sandy_grass":4,"minecraft:grass":4,"iter_rpg:spider_egg":1,"minecraft:oak_log":9,"minecraft:coal_ore":11,"minecraft:deepslate_iron_ore":17,"crittersandcompanions:silk_cocoon":1,"minecraft:dirt":2,"regions_unexplored:medium_grass":3,"minecraft:stone":28,"regions_unexplored:windswept_grass":5,"minecraft:oak_leaves":40,"minecraft:deepslate":74,"minecraft:fern":1},"minecraft:killed":{"minecraft:spider":3,"iter_rpg:spiderling":5,"grimoireofgaia:minotaurus":1,"minecraft:creeper":3,"minecraft:skeleton":4,"minecraft:sheep":1,"grimoireofgaia:bee":1,"alexsmobs:cockroach":2,"minecraft:zombie":5,"grimoireofgaia:harpy":1,"grimoireofgaia:creep":1,"grimoireofgaia:flesh_lich":2},"minecraft:custom":{"minecraft:blood":0,"minecraft:mob_kills":29,"minecraft:dexterity":5,"minecraft:intelligence":10,"minecraft:move_speed":0,"minecraft:interact_with_crafting_table":4,"minecraft:leave_game":1,"minecraft:time_since_death":33325,"minecraft:climb_one_cm":515,"minecraft:levels_gained":4,"minecraft:mana":180,"minecraft:time_since_rest":33325,"minecraft:magic_shield":7,"minecraft:sprint_one_cm":89841,"minecraft:walk_one_cm":92627,"minecraft:damage_taken":646,"minecraft:damage_absorbed":790,"minecraft:drop":25,"minecraft:damage_dealt":552,"minecraft:health":125,"minecraft:swim_one_cm":4572,"minecraft:fly_one_cm":170588,"minecraft:open_chest":3,"minecraft:crouch_one_cm":4614,"minecraft:play_time":33325,"tombstone:undead_killed":11,"minecraft:sneak_time":1745,"minecraft:walk_under_water_one_cm":1098,"minecraft:jump":736,"minecraft:energy":130,"minecraft:walk_on_water_one_cm":1670,"minecraft:strength":5,"minecraft:total_world_time":33325,"minecraft:fall_one_cm":25065},"minecraft:crafted":{"minecraft:oak_planks":36,"minecraft:crafting_table":1,"minecraft:wooden_pickaxe":1,"minecraft:stick":4},"minecraft:used":{"minecraft:water_bucket":1,"minecraft:stone_pickaxe":32,"minecraft:oak_planks":6,"minecraft:wooden_pickaxe":13,"minecraft:white_wool":1,"minecraft:dirt":2,"minecraft:mutton":2,"minecraft:crafting_table":4,"minecraft:carrot":8,"minecraft:iron_axe":2,"minecraft:bread":2,"minecraft:iron_pickaxe":119,"minecraft:stone_axe":6,"mmorpg:weapon/staff/wood":12,"minecraft:cobblestone":22,"minecraft:bucket":2,"minecraft:andesite":4,"tombstone:gift":2,"minecraft:cobbled_deepslate":26},"minecraft:picked_up":{"minecraft:crafting_table":3,"mmorpg:gems/topaz/0":1,"minecraft:feather":1,"minecraft:andesite":4,"minecraft:leather":2,"minecraft:wooden_pickaxe":1,"create:raw_zinc":10,"minecraft:oak_log":9,"minecraft:gunpowder":7,"minecraft:string":9,"minecraft:dirt":2,"minecraft:iron_leggings":1,"minecraft:bone":12,"minecraft:bow":1,"minecraft:wheat_seeds":4,"minecraft:gold_nugget":3,"minecraft:cobbled_deepslate":76,"iter_rpg:potsherd":2,"minecraft:stone_pickaxe":1,"minecraft:iron_nugget":2,"minecraft:oak_planks":1,"minecraft:iron_boots":1,"mmorpg:skill_gems/support/dex":1,"minecraft:raw_iron":23,"iter_rpg:spider_silk":1,"minecraft:diorite":3,"tombstone:grave_dust":2,"mmorpg:weapon/staff/wood":3,"minecraft:carrot":5,"grimoireofgaia:box_iron":1,"minecraft:spider_eye":2,"minecraft:arrow":3,"minecraft:rotten_flesh":1,"minecraft:diamond":3,"minecraft:stone_axe":1,"minecraft:iron_helmet":2,"iter_rpg:abyssquartz_shard":2,"crittersandcompanions:silk":5,"minecraft:oak_sapling":2,"minecraft:mutton":2,"minecraft:coal":14,"minecraft:white_wool":1,"minecraft:cobblestone":28}},"DataVersion":3465}