{"stats":{"minecraft:custom":{"minecraft:jump":23,"minecraft:intelligence":0,"minecraft:time_since_rest":506,"minecraft:energy":50,"minecraft:blood":0,"minecraft:magic_shield":0,"minecraft:leave_game":1,"minecraft:health":70,"minecraft:sprint_one_cm":900,"minecraft:play_time":506,"minecraft:move_speed":0,"minecraft:time_since_death":506,"minecraft:walk_one_cm":1357,"minecraft:strength":0,"minecraft:total_world_time":628,"minecraft:fall_one_cm":836,"minecraft:mana":50,"minecraft:fly_one_cm":2829,"minecraft:dexterity":0},"minecraft:mined":{"minecraft:grass":1}},"DataVersion":3465}