{"stats":{"minecraft:custom":{"minecraft:jump":18,"minecraft:intelligence":0,"minecraft:time_since_rest":3653,"minecraft:energy":50,"minecraft:blood":0,"minecraft:magic_shield":0,"minecraft:leave_game":2,"minecraft:play_time":3653,"minecraft:health":70,"minecraft:sprint_one_cm":816,"minecraft:time_since_death":3653,"minecraft:move_speed":0,"minecraft:walk_one_cm":3273,"minecraft:strength":0,"minecraft:total_world_time":3653,"minecraft:mana":50,"minecraft:fly_one_cm":2794,"minecraft:dexterity":0}},"DataVersion":3465}