{"stats":{"minecraft:picked_up":{"minecraft:jungle_log":2,"minecraft:oak_log":1,"minecraft:spider_eye":1,"minecraft:string":2,"minecraft:rotten_flesh":2,"minecraft:wheat_seeds":1,"minecraft:bamboo":307},"minecraft:used":{"minecraft:rotten_flesh":1,"minecraft:wooden_sword":35,"minecraft:crafting_table":3},"minecraft:crafted":{"minecraft:wooden_sword":1,"minecraft:bamboo_block":2,"minecraft:oak_planks":4,"minecraft:bamboo_planks":4,"minecraft:crafting_table":3,"minecraft:stick":4,"minecraft:jungle_planks":8},"minecraft:killed_by":{"minecraft:zombie":1},"minecraft:broken":{"minecraft:wooden_sword":1},"minecraft:custom":{"minecraft:time_since_rest":3774,"minecraft:sprint_one_cm":10345,"minecraft:damage_taken":640,"minecraft:walk_one_cm":16934,"minecraft:mob_kills":3,"minecraft:drop":5,"minecraft:damage_dealt":646,"minecraft:interact_with_crafting_table":2,"minecraft:fly_one_cm":59697,"minecraft:crouch_one_cm":113,"minecraft:play_time":5715,"minecraft:deaths":2,"minecraft:sneak_time":67,"minecraft:jump":110,"minecraft:time_since_death":3743,"minecraft:total_world_time":5715,"minecraft:climb_one_cm":68,"minecraft:fall_one_cm":5807},"minecraft:killed":{"minecraft:zombie":2,"minecraft:spider":1},"minecraft:mined":{"minecraft:jungle_leaves":8,"minecraft:grass":8,"minecraft:oak_log":1,"minecraft:jungle_log":2,"minecraft:bamboo":33,"minecraft:oak_leaves":1,"minecraft:fern":2},"minecraft:dropped":{"minecraft:wheat_seeds":1,"minecraft:rotten_flesh":1,"minecraft:stick":3}},"DataVersion":3465}